Date-Monthly,"US (Gulf), Wheat (US No. 2, Soft Red Winter)","Argentina, Wheat (Argentina, Trigo Pan, Up River, f.o.b.)","Australia (Eastern States), Wheat (ASW)","Australia (Eastern States), Barley (feed)","Argentina, Maize (Argentina, Up River, f.o.b.)","Black Sea, Barley (feed)","Black Sea, Maize (feed)","Black Sea, Wheat (feed)","Black Sea, Wheat (milling)","Canada (St Lawrence), Wheat (CWRS)","Brazil (Paranagua), Maize (feed)","EU (France), Barley (feed)","EU (France), Wheat (grade 1)","EU (UK), Wheat (feed)","Kazakhstan, Wheat (milling, d.a.p. Saryagash station)","Kazakhstan, Wheat (milling, f.o.b. Aktau port)","Russian Federation, Wheat (milling, offer, f.o.b., deep-sea ports)","US (Gulf), Maize (US No. 2, Yellow)","US (Gulf), Wheat (US No. 2, Hard Red Winter)","US (Kentucky, KY), Maize (US No. 2, White)","Ukraine, Wheat (milling, offer, f.o.b.)","Ukraine, Maize (offer, f.o.b.)"
Jan-00,97.53,100.5,,,90.75,,,,,153.43,,,,,,,,92.64,110.75,88.78,96,83
Feb-00,99.02,100.25,,,92.8,,,,,150.22,,,,,,,,95.33,112.2,88.78,100,83
Mar-00,97.58,102.2,,,91.25,,,,,146.16,,,,,,,,94.83,112.25,89.96,100,83
Apr-00,96.01,110.25,,,90.75,,,,,147.13,,,,,,,,95.59,112,89.17,100,83
May-00,102.16,124,,,90.8,,,,,149.62,,,,,,,,94.59,115.6,89.37,100,83
Jun-00,98.86,124.8,143.4,,83.67,94.8,,88.2,,147.47,,107.5,,,,,,84.05,118.75,77.75,97,83
Jul-00,90.59,123,139,,78.5,101,,86.5,,,,,,,,,,75.44,115.5,68.5,93.5,
Aug-00,89.94,127.5,138,,79.6,100.25,,81,,136.08,,,,87,,,,75.57,114.8,66.73,95,
Sep-00,97.35,122.6,146.4,,78.75,95.2,,83,,140.57,,99,,,,,,80.26,122.5,68.3,95,75
Oct-00,104.09,131.75,158.75,,82,97.67,,83,,146.92,,102,,96,,,,85.19,131.2,76.18,95,75
Nov-00,103.36,128.25,163,,85,100.75,,83,,151.24,,110,,96.5,,,,89,130.25,85.82,95,80.8
Dec-00,105.41,115.8,163.2,,94.5,101,,86,,158.69,,117.2,,102.5,,,,96.63,130.5,91.53,95,89.6
Jan-01,109.18,121.6,166.25,,91.4,106,,87,,158.44,,120.25,,104.5,,,,94.68,134.2,91.93,95,97
Feb-01,106.26,124.5,160.75,,86.25,110.75,,88.25,,157.45,,116.5,,101.5,,,,92.76,131,90.74,95,105.8
Mar-01,105.84,121.6,158,,84.75,110.2,,92,,152.85,,113.6,,101.5,,,,91.88,133.25,89.96,95,109
Apr-01,99.48,120,157.75,,80,102.75,,92,,149.6,,107.25,,105,,,,87.35,130.25,87.59,95,109
May-01,102.31,129.2,159,,81.4,108,,87.67,,154.72,,104.75,,117.5,,,,83.74,136.2,81.89,95,109
Jun-01,97.87,127,155.6,,82.5,107,,82.5,,154.8,,99.2,,,,,,82.99,130,78.74,95,109
Jul-01,105.86,123,155.5,,88.2,88,,82,,152.43,,103.5,,112,,,,91.28,126.8,83.66,96.3,109
Aug-01,104.4,120.25,160,,89.5,91.6,,80.4,,145.92,,106.6,,113.5,,,,92.59,125.75,84.64,101.2,109
Sep-01,107.96,118.5,162.5,,88.25,86.25,,76,,146.54,,104.5,,115,,,,90.03,127.25,81.69,106,109
Oct-01,113.87,111,165.25,,88.6,85.25,,79,,146.44,,100.75,,111,,,,85.71,126.4,77.16,105.3,109
Nov-01,116.36,108.75,164.6,,93,95.8,,87.2,,147.9,,105.8,,115.5,,,,90.2,128,81.1,101.4,109
Dec-01,117.51,107,159.75,,96.67,98,,90.25,,151.82,,105.33,,114.67,,,,92.81,125.5,87,102.5,
Jan-02,120.68,115,162.25,,88.67,98,,90.33,,149.98,,103.5,,114.33,,,,91.73,128,86.81,103,
Feb-02,113.79,111,158.25,,86,94,,87.5,,148.2,,102,,108,,,,90.5,126.5,86.61,101.3,
Mar-02,115.93,110.5,155,,85.25,87.8,,79.2,,145.04,,95.6,,100,,,,90.18,125.75,85.23,97.4,
Apr-02,112.4,120.6,150.75,,85.8,82,,78,,142.25,,95.25,,103.5,,,,86.97,125.4,83.46,97,
May-02,111.79,130.67,149.2,,89.75,82,,79,,142.22,,92.2,,92.67,,,,90.82,123.25,89.56,94.6,99.3
Jun-02,112.04,150.25,164.25,,92,80,,75.5,,146.84,,94.25,,94.25,,,,92.49,133.25,99.01,89,98
Jul-02,122.63,137,175.75,,96.6,74.75,,70.75,,166.19,,96.75,,97,,,,99.68,151,107.08,89.3,98
Aug-02,130.64,137.75,189.8,113,105.5,74.8,,70.6,,182.3,,98.6,,97.6,,,,110.21,165.25,117.52,91.2,98
Sep-02,153.63,152.75,218.25,126.67,107.75,79.25,,75.5,,224.76,,107.5,,105,,,,114.69,189.5,122.83,93.3,90
Oct-02,158.84,155.2,221.75,149.25,105.4,90,,79,,232.67,,111,,102,,,,109.9,195.6,120.07,96.5,90
Nov-02,158.62,136.25,208.4,152.8,108.25,99.6,,80.6,,225.64,,111.8,,103.4,,,,108.93,180.5,127.36,102,91.8
Dec-02,145.83,130,188.25,140.25,104,101,,82,,205.65,,110.25,,100,,,,106.57,165.4,129.33,105,96.3
Jan-03,138.27,137.75,177.4,140,102.25,102.75,,84,,193.38,,105,,98.8,,,,105.78,153.25,131.49,106.4,97.2
Feb-03,141.69,146,179,,99.5,102.5,,95.25,,187.57,,104.25,,99,,,,106.25,154.75,131.49,109.5,99
Mar-03,129.01,149.25,171,,94.75,98.5,,94,,181.09,,103.25,,99,,,,104.84,145.75,121.65,110,102.3
Apr-03,125.94,142.6,168,106,98.6,,,,,175.53,,103.75,,100,,,,105.35,143,121.45,110,103
May-03,130.97,156.75,168.6,119.8,104.25,,,,,174.48,,107.4,,113,,,,107.75,147.25,123.62,110,103
Jun-03,125.2,158,162.25,128.25,103,101,,,,172.31,,108.5,,115.75,,,,107.21,135,118.11,110,103
Jul-03,127.04,142,157.5,123,96.8,106.5,,,,168.94,,121.75,,130.25,,,,98.74,133.2,105.11,110,104.8
Aug-03,142.06,153.2,177,136,98,140.8,,,,177.53,,132.8,,141,,,,100,154.5,94.88,110,108.8
Sep-03,139.48,151.8,176.25,138,101.2,130.5,,,,164.81,,144,,153.5,,,,103.44,150.8,94.29,,112.8
Oct-03,139.19,148,178.6,133.4,101.25,120.8,,,,166.38,,150.2,,161.8,,,,103.81,149.5,90.94,,117.6
Nov-03,158.5,164.75,188.25,140.25,109.75,132.5,,,,236.54,,168.25,,188.75,,,,107.48,165.5,96.45,,130.3
Dec-03,159.24,162.33,189.25,124.5,116.33,137.33,,,,243.31,,177,,195,,,,111.61,173.67,102.16,,137
Jan-04,156.76,160.5,190.2,130.4,113.75,138.75,,,,183.99,,180.8,,200,,,,115.82,170.25,109.05,,147.8
Feb-04,157.28,150.5,189.25,136,112.75,142.25,,,,190.78,,175.75,,189.75,,,,122.29,164.75,114.17,,163.8
Mar-04,157.9,152.8,190.25,133,109.6,140.5,,,,190.79,,156.5,,185.5,,,,128.71,170.6,121.45,,165
Apr-04,158.39,159.25,194.2,134.8,120.75,137.5,,,,188.35,,151.4,,185,,,,132.94,171.75,124.6,,165
May-04,150.3,157.25,192,134,118,128.75,,,,186.54,,148.25,,163.5,,,,130.14,166.75,119.48,,165
Jun-04,138.78,143.2,184.75,128,113.2,127.5,,,,183.35,,131.5,,149.75,,,,123.75,158,113.78,,160
Jul-04,133.86,138.75,173.4,120,102.5,83,,,125,173.56,,122.6,,126.8,,,,104.94,154.25,94.48,123,160
Aug-04,130.36,125.8,165.5,112,99.8,94.5,,,124.25,164.03,,126.5,,126.5,,,,104.48,146.2,89.76,125,140
Sep-04,138.52,126,176.75,110,95.5,98,,108.33,121.25,185.56,,131.25,,120,,,,97.09,155,80.9,125,107.7
Oct-04,140.93,120.5,177.2,114.8,93,107,,108.8,121,189.49,,127,,125.6,,,,93.33,155.5,78.74,125,102.6
Nov-04,139.46,115.6,182,119.75,86.4,120.75,,120,131.25,196.85,,125.25,,133,,,,93.56,162.2,81.3,128.8,100.5
Dec-04,138.96,110.75,179.2,125.2,89,125,,120,135,199.78,,129.8,,135.5,,,,96.28,160,84.45,131.6,103.6
Jan-05,141.97,107,180.5,121,81.75,125,,118.5,127,204.98,,126.75,,132.25,,,,96.48,157,82.87,132,102.8
Feb-05,142.68,112.75,174.25,121.75,80.5,130,,119.25,128.5,201.01,,138.5,,129.25,,,,93.84,153.75,82.87,125.8,102
Mar-05,152.52,127.6,180.25,122,85.4,130.5,,120,129.25,195.8,,152.25,,127.75,,,,99.98,156.8,85.23,125,99.54
Apr-05,131.72,129.25,169.8,123.2,84,125.6,,115,125.6,185.54,,131.6,,131,,,,96.65,147.75,82.87,122.4,95
May-05,135.21,133.4,168.5,128.75,86.8,117,,111.5,120,189.3,,115,,122.25,,,,94.48,150.8,82.87,118,88.5
Jun-05,131.36,133.5,167.75,146,91,110,,111.5,121,199.57,,124.5,,125.25,,,,97.71,146.25,87.2,111,87
Jul-05,129.89,144,168.2,145.8,100.25,125,,104.4,113,191.97,,133.2,,123.4,,,,105.26,148.25,92.32,108,
Aug-05,129.39,142,178.25,145.75,98.2,127.5,,97,110,190.58,,136.25,,124,,,,98.5,156.6,83.07,108.5,
Sep-05,127.65,136.25,187.6,139.2,96.5,123.2,,97,111,200.56,,130.4,,120.6,,,,97.11,167.25,73.62,109.6,
Oct-05,134.96,132.25,192.25,126,94.75,122,,98,115,203.24,,135.25,,119,,,,101.3,174.5,71.45,110,93
Nov-05,132.53,133.6,186.5,120.25,91,126.5,,106.25,119.75,200.67,,133.5,,119.75,,,,96.71,166.8,77.56,110,93
Dec-05,137.72,130,188,118.2,95.25,128,,110,124.2,207.21,,131.8,,121.6,,,,103.37,168,84.45,110,94.6
Jan-06,143.35,133.2,190.25,120.75,103,128,,110,122.25,210.36,,133.75,,122.5,,,,103.05,170.6,88.78,110,95.8
Feb-06,149.6,137.25,200.25,118.5,104.5,128.5,,116.25,133.25,213.71,,133,,129.75,,,,106.86,183.5,93.89,110,105.3
Mar-06,142.22,135.25,198.4,119,99.5,130,,116.8,137.5,203.69,,133.2,,132.6,,,,104.6,179.25,94.29,110,108.8
Apr-06,141.3,135.5,204.75,124.33,105.75,123.5,,114.5,131.25,203.03,,128.25,,132.5,,,,107.8,187,100.78,110,110
May-06,149.03,146.4,219,129.25,111.6,119.5,,121,136.25,214.55,,130,,148,,,,110.57,201,107.08,110,110
Jun-06,139.16,156,222.6,128.8,107.5,118.4,,128.8,144.5,216.26,,134.8,,146.2,,,,108.95,202.75,102.75,110,110
Jul-06,145.69,158.5,224,134.25,113.75,119,,122.75,143.12,230.58,,132.75,,147.75,,,,114.29,213,105.9,110,110
Aug-06,144.55,160.2,215.75,140,111.25,120,,137.5,151.75,207.83,,142.75,,156.5,,,,113.46,200.6,94.68,110,
Sep-06,164.52,167.25,221.8,169.2,113.75,139.4,,159.4,176.6,207.8,,159.6,,170.8,,,,119.29,207.75,102.75,110,
Oct-06,196.28,191.2,233.25,207,135.2,158.75,,166.67,183.33,227.64,,179.25,,189.75,,150,195,141.49,217.6,127.16,110,
Nov-06,192.44,185.25,234.75,190.75,171.5,183.75,,181.25,196.25,227.7,,195.5,,186.25,,152.5,193.3,166.36,219.25,154.13,,
Dec-06,189.54,186,232.8,200.2,161.75,199,,190,200,238.09,,200,,190.2,,168.8,190.6,160.07,215.75,161.8,,
Jan-07,175.58,182.6,225.75,192.25,160.8,200,,190,200,230.77,,197.75,,199,,170.5,190,163.95,207.8,174.01,,
Feb-07,175.15,175,235.75,190,165.25,200,,190,198.75,233.24,,193.5,,193,,168.8,188,176.74,208.5,197.83,,
Mar-07,167.76,187,236.6,187,160.25,191,,187,196,233.75,,190,,195,,155.2,185.4,169.63,208.5,198.42,,185
Apr-07,170.51,208.5,241.5,198.5,143.5,186.25,,186.25,196.25,236.21,,196.25,,203.25,,150,190.3,150.39,206.25,171.45,,181.3
May-07,179.64,218.6,230.25,202.5,147,200,,197.5,207.5,238.53,,201.25,,210.5,,151.3,201.5,158.66,202.6,174.6,190,172.8
Jun-07,205.19,239,250.4,210,155.75,226,,213,223,258.98,,226.2,,212,,158,233,165.18,231.25,177.95,190,185.4
Jul-07,222.96,249.4,271.75,228.5,141.2,248.75,,243.75,260,272.92,,259.25,,258,,185,255,146,249.8,157.08,,
Aug-07,254.49,273.25,298,265.6,156.5,269.4,,264,283,294.46,,295,,317.67,,214,290,152.26,276.5,144.68,,
Sep-07,322.86,325,354,363.5,169.5,301.75,,297.5,327.5,360.26,,365,,359,,265,343.8,157.52,342.5,140.94,,
Oct-07,323.49,321,,331.75,179.8,305,,296.25,331.25,385.12,,353.25,,337.25,,280,346.3,163.22,351.6,149.4,,
Nov-07,306.8,289.5,,282.4,179.25,305,,300,331,389.87,,334,319.75,321.75,,280,353,171.33,332.25,163.58,,
Dec-07,344.65,309.67,,293.67,170.67,305,,305,335,468.53,,349.75,319.75,,,265,348.8,178.5,380.67,183.26,,
Jan-08,343.18,330.4,,296.25,198.6,305,,311.25,346.25,509.76,,340.5,372.09,,,268.8,361,206.15,380.6,213.57,,
Feb-08,403.3,364.75,,288.4,206.5,305,,330,380,743.62,,313,401.31,,,330,,219.77,449.25,220.46,,
Mar-08,397.24,395,,327.5,215.75,305,,387.5,435,615.24,,333.25,434.38,,,370,,234.49,481.5,226.37,,
Apr-08,300.93,,,299.25,224,305,,390,430,534.75,245.5,307.25,359.19,,,385,,247.21,381.8,236.6,,285
May-08,257.82,,,299.25,207,297,,316,356,484.32,242,289.2,316.76,,,310,,241.7,349.25,237.79,300,270
Jun-08,249.42,362.75,,327,258.25,281.25,,282.5,310,426.8,275,282.75,317.2,,,280,300,280.94,357.5,272.23,300,265
Jul-08,244.91,329.25,,322,251.6,241.75,,245,278.75,398.66,270.5,263,301.29,269,,275,282.5,267.32,340.8,249.99,283.8,265
Aug-08,253.37,306.6,,258.4,216.5,244.4,,206,280,402.52,230,251.6,289.3,237.6,,290.6,287,232.47,342.75,215.54,277,265
Sep-08,221.65,280,,215.5,202.8,228.75,,189.75,256.42,366.53,202.25,220.5,251.54,203.5,,260,266.3,229.34,308.4,208.46,256.3,223.8
Oct-08,183.09,235,,172.2,169.25,187.6,,154.4,199.4,322.51,165,177.2,198.51,161.8,,266,204,181.14,252.25,159.64,199,162
Nov-08,182.29,188.75,,132.5,156.25,135,,121.25,155,323.95,149.25,147.5,175.48,146.75,,226.3,182.5,165.86,247.25,155.51,170,121.8
Dec-08,181.88,176.8,202,127.25,151.8,127.5,,113.75,158.75,328.28,146.75,150.75,175.22,145.25,,226.3,176.5,160.07,239.8,153.54,170,112.8
Jan-09,192.95,213,208.8,131.8,159.5,137,,124,187,342.65,170.2,158,194.55,168.8,,227,181,171.6,256,168.69,172.6,120.8
Feb-09,182.73,218.5,210.75,142.5,157.75,145,,142.5,186.25,318.81,162.25,152.25,186.24,167.5,,215,190,162.84,240.75,162.59,180,152.3
Mar-09,185.61,214.25,217.75,149.75,163,133,,131.25,170,307.08,159.5,146.75,179.53,159.75,,193.8,175.5,165.47,244.4,172.83,176,146.5
Apr-09,180.43,211,220.75,155.5,165.75,142.5,,132.5,176.25,384.55,165,146.5,185.8,163.5,,173.8,173.5,167.91,242,172.63,173,152.5
May-09,200.94,210,240.2,165.8,185.5,153,,157,191,384.7,189,164,204.57,187,,182,185,179.86,265.5,183.46,177.4,168.2
Jun-09,201.28,228,265,180.5,184.6,160,,162.5,191.25,366.53,189.5,163,201.25,190.25,,187.5,198.8,177.32,263.4,177.95,186.8,187
Jul-09,175.08,234.5,243.8,173.4,164,133,,137,172,319.94,162.2,149.2,193.5,176.6,,168,176.4,150.78,231.75,146.06,171.4,175
Aug-09,161.44,228.75,222.25,160.5,166.5,135,,130,170,287.06,165,149,180.25,160.25,,165,173.5,152.8,217.75,144.09,169.3,172.5
Sep-09,158.25,207.8,204,142.5,162.8,130,,127.5,160,280.74,160,148.25,179.5,159.5,,153.8,168.3,151.57,199.8,137,162.8,160
Oct-09,175.43,214.25,202.8,149.2,175.5,137,,151,173,289.86,167,153.4,192.25,169.2,,129,177,167.78,212,149.8,164.8,162
Nov-09,203.74,214,210.25,156.25,175.25,146.25,,165.5,185,306.97,180.25,158,193,181.5,,120,191.8,172.04,227.5,154.13,173.8,179
Dec-09,207.01,240.2,209,153.6,176.8,148.2,,175,186.4,303.11,181.4,153.4,187.4,177,,120,197,165.81,221.4,160.23,184.8,187.8
Jan-10,196.64,236.25,203,149.25,177.5,143,186.25,165,177.75,286.25,177.5,148.5,178.75,172.5,,120,191.8,166.6,213.5,159.25,184.4,188.4
Feb-10,192.24,221.5,191.5,147,164.25,139.75,181.75,157,169.5,282.5,169.25,140,167.75,156.25,,125.5,175.3,162.35,207,156.69,178.8,185
Mar-10,190.75,211.2,186.25,147.75,160,138.25,178.75,155.75,165.5,271.25,170,137.5,165.25,152.25,,122.8,170.5,158.5,204.4,152.95,173.3,183
Apr-10,187,228.25,183.2,153,161.25,143,178.2,160.2,169,268.2,169,142.8,173.6,161.8,,109.2,172.8,155.85,200.25,144.09,172.2,181.4
May-10,190.03,243.5,182.75,159,170,143.75,181.25,159.5,174,257.25,169.67,136.25,171.25,167.25,,107.5,176.8,163.03,195.75,149.8,173.3,184.5
Jun-10,182.58,205.8,180.25,159,162.6,127.75,168.5,144.75,166,264.5,164.75,130.75,170.5,163.25,,113.5,168.8,152.24,181.4,141.73,169.8,183.8
Jul-10,217.77,212.25,203,179.6,171.25,154.6,174.75,172.6,200,296.4,178,173.4,217.4,198.8,,134,198.6,160.38,211.75,149.8,191.4,182
Aug-10,257,276.6,267.5,252.75,198.4,,,,251.25,329.5,204.25,261,290,246.5,,225,265,174.11,271.8,161.61,270,230
Sep-10,276.4,298.75,290.25,258.5,229.25,262.5,242.5,260,288.33,368.35,232,255,304.87,256.75,,235,,205.95,303.5,197.04,280,237.8
Oct-10,265.84,294.5,287.2,264.2,248.5,265,245,260,280,367,250,265.4,297.75,264.6,,261,,236.06,290.75,217.9,283,251.8
Nov-10,275.94,295.4,288.25,236.5,246.4,,,,,376.8,248,259.25,306.4,274.75,,270,,236.17,291.2,222.83,288.5,258.4
Dec-10,309.91,300.5,315.8,232,259.75,,,,,419.75,258,275.6,326.5,303,,283,,251.96,327.25,232.08,292,260
Jan-11,316.75,316.75,298.25,255.25,272.5,,,,,436.5,275.25,297.5,347.75,316.25,,298.8,,262.83,339.75,250.19,325.5,282.8
Feb-11,336.34,347.5,301.75,272.5,288.25,,297.75,,,472.75,292,293.5,371,336,,353.8,,287.14,362,274.99,359.8,300.3
Mar-11,302.45,347.6,282.75,253.25,287.6,,296.75,,,433,,274,338,319.25,,350,,290.58,333.8,278.34,355,299
Apr-11,317.62,352,285.2,249.6,314,,307.2,,,466,,275.4,371,338.2,,345.6,,321.49,364.25,308.85,345.5,312.2
May-11,309.01,350.8,274.75,250.75,303,,310,,,481.4,318,280,361.4,324.33,,314.5,,308.96,362,298.02,350,318.5
Jun-11,282.28,341.25,271.25,265.75,306.25,263.75,314,261.25,,482.25,307.25,287.5,347.5,295.5,299.75,305.5,,308.06,333.5,301.17,337.5,332.5
Jul-11,264.49,310,243,261,300.5,264.8,292,233,242.5,448.25,292.8,270.2,286,265.6,279,297,242,303.75,307.5,291.92,254,300.8
Aug-11,279.87,292,255.8,264.25,311.6,287.5,301.25,256.25,265,437.8,312.5,285.5,295,271.5,254.75,278,253.3,312.65,336.2,295.07,251.5,284.3
Sep-11,269.6,300,252.25,253,294.5,279,287,255,268.75,412.5,286.4,275.6,286.25,261.4,213,232,266.2,299.62,329,290.34,270,287.6
Oct-11,254.74,260,234,237.75,276.25,258.75,251.25,227.5,235,414.75,275.25,269,262,242.5,178.5,188.3,235.8,274.79,301.5,269.08,241.3,249.3
Nov-11,255.93,239,234.8,234.25,271,262.5,245,228.75,243,409.4,268.25,257.75,259,243.25,154.5,176,242.5,274.73,298.8,273.41,245.75,244
Dec-11,246.32,223.5,226,233.8,241.5,257,229.6,227,242.5,397.25,247.8,243.4,249.75,234,157.2,178.7,240.8,258.97,290,268.49,239.6,232.2
Jan-12,257.5,249,247,247.5,258,263.75,252.5,248.75,259,385,258,262.5,269.8,252.5,170.25,180,255,274.65,298.2,284.04,243,250.7
Feb-12,262.35,263,256.25,251.5,267.5,275,262.5,263.75,278.75,380.5,267.75,276.75,284.25,269,177.5,180,274,279.2,296.75,293.1,261.5,262
Mar-12,258.76,260.5,246.5,246.6,269.75,268,266,257,277.5,371,267.6,277.6,290.25,278.8,192,190.2,275.2,280.18,294.5,296.64,267.4,263.4
Apr-12,254.7,252,247.25,250.5,256.5,263.75,268.75,257.5,271.25,384,266.65,280.25,288.25,288.5,186.25,210.8,273.5,273.12,279.5,296.05,267.3,268.8
May-12,251.89,251.4,266.4,247.75,246,260,266.25,250,268,,240,275.75,284.4,285.5,186.25,234.7,266.7,269.36,278.6,302.15,260.3,262.7
Jun-12,250.29,263.25,278,254.75,238.5,258.75,246.25,236.25,263.75,,229.75,259.5,276.5,266.75,194.8,240,270.4,267.56,287.75,306.29,257.2,236
Jul-12,318.01,314,333,302.6,285.2,296,286,284,299,,283.6,292.6,314.8,296.4,260.25,250,305.5,330.12,352.4,370.06,282.5,267.5
Aug-12,331.65,335,347,310.75,294,295,312.5,297.5,312.5,,296,299,330,319.5,312.8,260,310.4,328.48,362.25,373.8,301,305
Sep-12,340.52,336.25,345.25,310.5,277.75,310,300,318.75,330,,276,312.75,344.5,331.75,327.5,331.67,326,323.07,371.5,344.08,316.25,294.25
Oct-12,338.59,332,343.4,306,274.4,312,290,329,346,,274.2,311.4,343.4,330,355,350,347.5,320.13,373,337.39,340,286.5
Nov-12,346.44,345,340,299.75,294.25,311.25,306.25,330,351.25,,294.75,317.25,351.75,348,338,360,350,323.58,373.5,348.41,340,305.2
Dec-12,325.06,360,338.75,311.75,287.75,315,305,,357.5,,290.25,313,349.25,354.75,330,363.3,361.3,310.15,359.5,343.49,340,305.3
Jan-13,310.85,362.4,325.6,310.4,293.6,315,304,,,379,294.8,308.4,340.8,345,336.25,365,365,303.37,347.6,337.19,341.25,300.25
Feb-13,296.56,357.75,305.75,301.25,282.75,315,292.5,,,364,291,301.25,332.75,328.5,347.5,365,365,302.65,328.5,321.44,345,293.25
Mar-13,285.77,346.25,299.25,284,276,,288.5,,,355.75,,286,321,311.5,321,353,364,308.92,323.25,272.13,342,284.8
Apr-13,278.68,324,304.6,281.8,241.8,,272.8,251.25,273.75,358.8,,290.2,326.2,313.2,278.75,333.8,323.8,282.45,323.6,246.55,309.3,267.5
May-13,277.55,315,309.5,289.25,257,258.75,276.25,248.25,268.75,362.5,269.25,271.5,317.25,299,261,300,315,295.07,328.75,258.65,306.4,272
Jun-13,269.56,310,302.25,268.25,264.5,252.5,287.75,248.75,268.75,355,267.25,252.75,284.25,280.25,269,300,315,299.84,321.25,262.39,300,285
Jul-13,257.46,302,293.8,263.4,241.2,245.4,235.6,231,254.4,345.2,252.4,237.2,252.6,256.4,269,293.8,252,281.6,311,258.26,249.8,210.3
Aug-13,251.44,280.75,294,233,221.25,246.25,194.5,225,253,335,215.25,239.75,251.75,249.25,253,290,252.4,237.79,314.5,205.9,247.8,194.6
Sep-13,257.59,299.75,291.5,228.75,219,241,194.25,230,250.5,320,203.5,239.75,253.25,251,211.25,290,253,208.83,311.5,195.27,248.5,197.5
Oct-13,288.62,344,283,232.6,207.4,243.2,198.2,247.2,272.6,322.4,201.4,254.4,274.4,268.6,220.5,282.5,272.5,200.73,332.6,183.06,269.8,196.5
Nov-13,274.24,352.5,276.25,230.25,206.75,244,201.25,257.25,286.75,303.25,208.75,249,278.5,272.5,231.4,235,286.8,199.16,316.5,181.88,287.6,203.4
Dec-13,266.89,340,266.6,222.4,212.4,244,206,258.8,294.6,275,210,251.2,289.8,278.4,232,235,291,197.34,300.8,186.21,292.8,206
Jan-14,247.79,330,252.5,228.5,214.75,242.5,210.5,249.5,287.75,,217.25,241.75,275.5,268.25,226.4,235,289,198.42,288,181.1,286.4,210
Feb-14,260.62,328.25,260.25,237.75,218.25,240.5,221.25,245,279,,218.67,241.75,273.5,266.5,225,235,279.5,208.85,303.25,188.18,277.3,223.5
Mar-14,285.31,340,281.25,253.5,225.5,238.5,240.5,253.5,290.5,,,257.75,294.5,289.5,230,235,292.5,222.14,333.75,199.2,288.8,242.3
Apr-14,280.61,361,287.2,255.6,228.8,234.4,245,255.8,292.4,,,253.2,296.4,292.6,253.75,242.5,294.3,223.99,339.6,202.75,290.3,245
May-14,270.66,372.5,291.25,256.75,224,232.75,247.5,257.25,289,,,232.25,279.5,280.25,279,262.5,289.8,216.97,345.25,200.19,285.2,247.2
Jun-14,235.16,365,275.5,250.75,204,223.25,238,233.5,258.25,316,207.5,218.5,255.5,244.25,288.75,270,282,201.96,314,180.9,275.5,239
Jul-14,217.94,287,259.4,248,191.8,216,197.6,217.4,247.2,299.2,193.4,209.4,244.8,227,278.75,270,255.25,182.41,294.2,162.59,253.75,200.75
Aug-14,218.9,270.25,258.25,223,180.75,213,182.75,195.75,244.75,295.75,185.5,205.25,238.5,207.75,268,268.75,245,175.36,284.5,157.08,246,185.4
Sep-14,204.33,247.6,257,230.8,165.6,210.6,168.6,190.2,242.2,295,171.6,196.2,219.2,192,247.5,246.3,243.3,163.66,278.6,147.63,243.3,172
Oct-14,222.94,241.75,264.25,251,170.75,205.5,173,196.5,239,297.75,181,205.75,218.75,199,250,251,239.6,164.71,289.5,154.52,237.4,172.4
Nov-14,235.64,252.5,268,257.75,179,210,178,209.75,250.5,301.25,187.25,211.25,225.5,212.25,271.25,282.5,251,177.94,280.25,164.36,247.8,178.8
Dec-14,260.97,251,266,256.6,197.4,218,187.2,224.4,259.4,327.2,191,224.4,244.6,225.4,275,285,259.5,178.3,288.6,167.91,259.3,186.8
Jan-15,233.2,254.25,261.75,251.25,184.25,214.25,182.25,228.33,259,301.75,,214,234.5,211.5,275,285,262.2,176.49,262,169.28,258.8,182.6
Feb-15,220.5,241.25,242.5,239.75,178.25,207.5,170.5,207.25,239.25,283,,208,216.5,202.25,273.75,285,240.75,174.13,251.75,166.53,232,172.5
Mar-15,218.84,228,234.6,240.4,169.2,199.75,170.8,196.6,217.2,262.8,,198.6,205.8,193.2,262.5,277.5,220,173.38,249.6,172.04,219.5,171.5
Apr-15,209.04,224.75,237,244.5,167.5,195.75,172.5,193.75,210.25,248.5,158,199,199,190.25,251.25,267.4,212.6,171.8,238.75,172.43,210,173
May-15,199.13,227.5,236,244,168.25,186.5,171.5,184.75,193,237.5,164.5,191.25,191,192,250,267.75,200.25,165.96,231.25,164.56,199.75,172.25
Jun-15,211.47,226,245.4,231,173.2,182.6,174.8,188.2,194.2,251.2,174.2,196.4,200.2,197.6,255,270,193.25,169.95,242,165.74,190,173
Jul-15,208.27,228.5,241.75,227.25,176.25,183.25,193.5,186,197,249.5,181.25,195.75,204.75,200,252,270,196,178.78,237.5,179.52,195.8,192.4
Aug-15,190.01,226.75,229.25,207.5,159.5,177.5,188.5,173.75,187,223,165.25,182.25,188,188.5,241.25,258.75,187,163.08,215.75,159.05,187.5,186.75
Sep-15,194.55,223.2,199.8,185.2,161.2,176.2,170.4,167.6,182.8,231.2,166.2,175.8,179.8,182.2,195,205,182,165.92,218.4,153.54,183,169.25
Oct-15,207.67,223.5,215.25,194.25,163.75,188.75,168,181,196.5,235.25,168.25,186.25,192.75,187.5,184,191,193.6,172.04,220.75,156.88,193.2,168.2
Nov-15,200.85,210,214,185,166.75,186.25,168.75,185.5,198,229.5,168.25,177.75,190.75,183.5,185,195,196.5,166.06,211,149.99,197.75,167.25
Dec-15,191.49,193,209,182.2,166.2,181.6,167.6,182.8,192.4,234.4,175.25,177.2,186.2,180.4,185,195,192.75,163.66,212.4,153.54,195,167.25
Jan-16,192.47,194.5,204.75,175.5,161,174.5,164.25,172.5,183,229.5,,166.75,175.75,169,175,182,184.8,160.94,213.75,150.39,188.6,166.6
Feb-16,188.58,194,206.25,170.5,167,172.25,167.75,170.25,181,225.25,,163.75,171,165.5,165,170,181.25,160.33,205.25,158.26,181.5,170.25
Mar-16,189.48,192.4,212.6,171.4,162.8,168.6,164.8,164.4,180.2,224.8,,163.2,166.8,160.4,165,170,180,159.39,207,159.84,178.25,165.5
Apr-16,193.36,198.75,217.5,169.5,170.5,164.75,172,168.75,186,231.5,173.33,166,171.5,165.5,170,175,186,163.93,200.75,164.95,181.6,173.4
May-16,188.96,202,215.4,175.8,186.8,168.8,187,174.6,193.4,226.6,185,165.8,175.4,170,190,195,193,169.29,193.2,170.07,186.25,189.75
Jun-16,185.58,210,222,183.5,196.5,164.25,206,176.25,187.25,225.75,199.25,160.5,184,170.75,190,196.5,187.5,180.63,198,168.5,183.75,204.5
Jul-16,168.06,210,208,167.75,179,147.5,199.75,156.75,165.5,209.5,185,154,182.5,162,190,198,167,161.17,187.75,152.36,167.4,199.6
Aug-16,157.46,215,193.8,148.75,177.2,154.4,198.2,162,171.2,203.2,190.2,156.4,187.8,171.2,184.5,195.5,170.5,150.19,188.2,143.89,171.25,198
Sep-16,157.58,201.25,187.75,137.33,170.5,152.25,171.25,154.5,169.75,202.75,186.5,152,181.75,170,162.2,183,170,147.81,188.25,141.33,170.4,177.6
Oct-16,163.69,184,189,154.75,174.25,152.75,167,162,174.75,215.5,189.25,152.25,184.5,171.75,166.25,171.5,174.75,151.99,192.75,151.37,174.5,168
Nov-16,166.65,176.4,190.6,158,177.6,160.6,169,167.2,182.2,209.6,180.8,154.6,187,180.8,175,176.25,182.33,152.08,190.6,151.18,181.67,169
Dec-16,162.27,168,178.25,149,182.25,162.25,167,168.75,183.25,219.25,184.75,154.25,181.75,181,175,180,183.2,154.05,186.75,151.96,184,169.6
Jan-17,172.93,177.2,172.2,156.8,183.4,163.8,169.2,169.6,184.6,225.8,184.33,160.6,189.8,190.2,175,180,184.25,159.44,200.6,156.25,183.5,169.5
Feb-17,180.37,186.25,177.25,169.75,179.25,171.75,170.75,177,191.25,223.75,,164,191.25,192,175,180,189.25,162.96,210,158.87,186,170.75
Mar-17,176.23,191.75,179.5,174.5,163.5,170.5,170.25,178.5,192,215.75,,162.25,190.5,191,175.2,185,192,158.78,198.25,163.16,189,171
Apr-17,173.2,189.25,175,174,164.5,166,170.75,174.5,188.25,216.75,159.33,159.75,182,195,176,185,188.5,156.76,190.75,166.26,188.25,171
May-17,174.51,188.6,184.2,172.8,161.4,161.2,170.8,174.4,186.8,223.8,157.8,167.2,187.2,199.4,178.5,185,187,157.73,200.2,162.28,185.5,171
Jun-17,182.34,190.5,212,195.25,155.25,158.25,172,172.25,188.25,258.75,158.75,165.5,187.75,193.75,180,185,187.8,157.82,226.25,167.63,184.8,171.8
Jul-17,205.51,193,240.5,212.75,150.25,165.25,175.5,173,194,310.5,158.5,171,197.5,196.25,180,185,195.75,158.58,240,170.2,189.25,172
Aug-17,173.19,190.2,212.4,198.2,148.8,175.6,166.6,165.8,190.8,278,155.8,171.6,190,186.2,179,185,191.75,148.14,202.4,158.86,190.75,177.75
Sep-17,176.3,181.25,216,208,149.25,181.5,162,169,187,266,156.5,182.75,189.75,192.75,169.2,185,187.6,146.55,215.25,146.5,186.2,171.6
Oct-17,176.62,182.4,211.4,204.4,149,187.4,162.2,177,194.6,257.4,155.2,186.2,191.8,193.2,158,185,195,148.48,214,137.26,193,163.25
Nov-17,175.66,179,213.75,209.5,150,192,163.25,179.5,192,259,157.5,184.25,190.5,191.75,154.25,,194.75,148.27,220.25,138.09,192.25,163
Dec-17,171.48,178,213.25,211,157.75,192,162.5,180,191,252.5,162.25,183.75,191,194.25,155.2,,192.8,148.74,219.25,136.42,190,164.4
Jan-18,178.06,177.6,216.8,222.6,163.6,192.8,170.2,182,193.2,258.2,163.75,192.6,195.4,198.4,158.5,185,194.25,155.52,228.6,142.79,191.5,169.75
Feb-18,190.51,188.75,223.25,237.25,177.25,203.75,182.25,189.75,201.5,249.25,,206.75,203.75,201.25,165,,200.25,163.9,239.75,166.29,197.5,180
Mar-18,198.23,211,222.75,234.5,187.5,215.5,201.25,198.25,208.25,247.25,,214.75,206.75,212.75,166.5,,209,171.25,245.5,169.91,205.4,200.6
Apr-18,197.84,228.5,231.25,237.5,189.75,218.25,204,201.75,212.5,246.75,188,216.5,208.75,217.25,169,,214.25,174.68,240.25,173.18,210.5,208.5
May-18,210.96,260.8,247.6,242.6,191.6,210.6,199.4,200.2,212.8,256,195.4,208.2,205.8,212.6,169,,213.75,179.33,249.6,176.78,209.5,201.75
Jun-18,204.87,267.75,251,255.25,170.25,200.5,183.75,192.75,203.25,232.5,182.25,201,208.75,217.75,169,,205.2,166.04,241.5,164.82,202.8,192.8
Jul-18,207.14,245,258.8,261,165,208.2,181.2,190.2,207.6,235.8,173.2,219.6,227.2,229.5,170,,206.25,156.98,235.4,151.59,202.75,183
Aug-18,215.45,241.5,305,289,168,231.5,188.75,204.25,230,264,179.75,245.75,245.75,,175.4,,229.8,162.32,249.75,151.06,226.2,190.4
Sep-18,203.25,234.5,292.75,295.75,160,235,175.25,200,222.5,264.25,173.5,241.25,238,,175,,220.25,155.97,241.75,139.81,219.5,174.25
Oct-18,209.95,233.2,315,303.6,162.4,236.2,165.6,211.6,231.8,271,168.2,239,235.2,,178,185,233,160.09,239.6,141.16,230,168
Nov-18,210.45,220,300.75,264.75,161,237.5,165.25,214.5,226,266.5,168.25,235.25,232.75,,183.8,,227.4,159.84,232,140.08,226.2,167
Dec-18,217.5,227.75,310.5,271,171.5,237.25,168.25,218.75,233.75,264.5,178.25,237.5,237.25,,188.33,,235.5,167.49,244,143.54,232.75,170.75
Jan-19,218.93,234,299.4,265,172.6,235,175.6,224.8,242.2,259.2,180.4,233.8,239.6,,195.75,,242.75,165.8,238.2,145.27,237.75,176.5
Feb-19,217.18,244.25,279.25,250.75,170,227.25,177.75,226.75,241.5,257.25,189,207.75,230,,203.33,,244.75,169.58,234.5,152.62,240,179.75
Mar-19,201.36,231.25,256.5,245,163,210.5,171.25,214.5,227.75,250.25,180,199.25,218.75,,206.8,,229,166.83,223.5,151.57,228,172.4
Apr-19,194.94,220,248.6,249.6,155,192.4,172.6,210,224,233.4,160.33,196.2,215.2,,205.67,,226,161.1,213.2,148.07,224,174.75
May-19,202.78,218.5,227,236.75,166,180.5,171.5,188.25,207,238,166.75,188.5,211,,206.6,,211.4,172.21,212,153.93,208.8,173.8
Jun-19,221.7,243,251.75,248,183.25,170.75,183.5,182,199.25,239.25,183.25,189.75,215,,204,,202.5,196.28,227.5,172.57,201.75,184.5
Jul-19,201.87,244,246.4,242.8,175,173.2,194,183.2,194.8,226.4,179.4,179,194.4,,204.75,,195.25,187.75,216.4,166.86,197.25,195.5
Aug-19,196.6,237.5,229.25,219.75,150.75,178,168.5,183,193.5,215.25,159.5,175.5,187.75,,205,,195.2,161.66,202.75,148.42,194.2,191.8
Sep-19,200.3,228,239,224.5,145.5,175.5,158,179.5,186.75,228,155.75,171.5,184.5,,208.25,,186.5,157.33,200.5,140.74,185.5,165
Oct-19,212.78,228.6,235.6,220,156.6,182.4,163.6,194.2,201.4,250,170,185,197,,221.2,,203.4,167.77,212.4,149.32,201.2,166.2
Nov-19,225.24,197.75,235,209.25,166.75,186.5,167.25,197.75,207.75,242.75,173.75,186.25,202.25,198,231.75,,208.5,166.93,220.25,143.3,207.5,171
Dec-19,238.3,203,247.2,218,173,185.8,172,204.6,215,251.4,180.67,190,211.6,205.8,229.5,,215.25,167.73,225.2,155.83,212,174
Jan-20,249.37,226.25,256.75,225.75,185.25,187.5,180,217.5,225.5,259.75,,192,221.25,215,227.8,,226.4,171.65,237,164.35,222,180.4
Feb-20,239.75,240,247.5,216.75,179.5,191.75,180.75,216.5,221.75,249,,188.5,215.75,210.75,241,,220.75,169.58,230.25,167.94,219.75,181.5
Mar-20,230.05,243.2,242.6,204,169.6,181.2,176,206,213.2,242,,186,213.6,205.6,237.67,,211.25,161.73,227,167.77,209.75,177.25
Apr-20,222.21,244.25,276.75,218.5,155.5,181,175.25,217.75,228.75,236.75,,183,223.5,213.25,253.75,,227,145.44,232,145.82,225.25,177.75
May-20,211.02,239,268,193,146.25,180.5,173.5,215,225,238.25,153.75,181.5,220.5,209,274,,225.6,144.14,223,,224.6,175